ID,Titulo_Post,ID_Usuario
6,dolorem eum magni eos aperiam quia,1
7,magnam facilis autem,1
2,qui est esse,1
1,sunt aut facere repellat provident occaecati excepturi optio reprehenderit,1
5,nesciunt quas odio,1
10,optio molestias id quia eum,1
4,eum et est occaecati,1
9,nesciunt iure omnis dolorem tempora et accusantium,1
8,dolorem dolore est ipsam,1
3,ea molestias quasi exercitationem repellat qui ipsa sit aut,1
11,et ea vero quia laudantium autem,2
12,in quibusdam tempore odit est dolorem,2
13,dolorum ut in voluptas mollitia et saepe quo animi,2
20,doloribus ad provident suscipit at,2
17,fugit voluptas sed molestias voluptatem provident,2
14,voluptatem eligendi optio,2
16,sint suscipit perspiciatis velit dolorum rerum ipsa laboriosam odio,2
15,eveniet quod temporibus,2
19,adipisci placeat illum aut reiciendis qui,2
18,voluptate et itaque vero tempora molestiae,2
21,asperiores ea ipsam voluptatibus modi minima quia sint,3
22,dolor sint quo a velit explicabo quia nam,3
23,maxime id vitae nihil numquam,3
24,autem hic labore sunt dolores incidunt,3
28,delectus ullam et corporis nulla voluptas sequi,3
26,est et quae odit qui non,3
quo autem,3
25,rem alias distinctio quo quis,3
30,a quo magni similique perferendis,3
29,iusto eius quod necessitatibus culpa ea,3
31,ullam ut quidem id aut vel consequuntur,4
32,doloremque illum aliquid sunt,4
33,qui explicabo molestiae dolorem,4
34,magnam ut rerum iure,4
35,id nihil consequatur molestias animi provident,4
36,fuga nam accusamus voluptas reiciendis itaque,4
37,provident vel ut sit ratione est,4
38,explicabo et eos deleniti nostrum ab id repellendus,4
39,eos dolorem iste accusantium est eaque quam,4
40,enim quo cumque,4
41,non est facere,5
43,eligendi iste nostrum consequuntur adipisci praesentium sit beatae perferendis,5
42,commodi ullam sint et excepturi error explicabo praesentium voluptas,5
44,optio dolor molestias sit,5
46,aut quo modi neque nostrum ducimus,5
45,ut numquam possimus omnis eius suscipit laudantium iure,5
50,repellendus qui recusandae incidunt voluptates tenetur qui omnis exercitationem,5
47,quibusdam cumque rem aut deserunt,5
48,ut voluptatem illum ea doloribus itaque eos,5
49,laborum non sunt aut ut assumenda perspiciatis voluptas,5
